iter	AUC	CrossEntropy
0	0.8196709073	0.6811762819
1	0.8255979571	0.6696634132
2	0.8257255074	0.6591812975
3	0.8260510492	0.64912469
4	0.8266094308	0.6398655639
5	0.8271909704	0.6312438941
6	0.8274008683	0.623116841
7	0.8276388045	0.6155821294
8	0.8278068837	0.6085031027
9	0.8279288018	0.6019552726
