iter	AUC	CrossEntropy
0	0.8196709073	0.6551107988
1	0.8256713858	0.6240970202
2	0.8261086331	0.600177777
3	0.8270506049	0.5814166572
4	0.827223127	0.5663290057
5	0.8285991951	0.5545622847
6	0.8295995778	0.5458083066
7	0.8298570217	0.5380698048
8	0.8305955965	0.5319772787
9	0.831464157	0.5275443932
10	0.8320007391	0.5235726838
11	0.8322645849	0.520020568
12	0.8327947434	0.5172721055
13	0.8335691243	0.5150399835
14	0.833867743	0.5128639927
